date,id_product,id_region,sales,sales_cum,sales_dif%,sales_cum_dif%,date_exec,version
2019-01-01,85899345920,446676598784,1180720.9610720007,1180720.9610720007,,,2020-12-14,1
2019-01-01,85899345920,850403524608,1960398.3561240002,3141119.317196001,0.6603400979212857,1.6603400979212857,2020-12-14,1
2019-01-01,85899345920,1151051235328,707624.904775,3848744.2219710005,-0.6390402478330578,0.22527794499913453,2020-12-14,1
2019-01-01,360777252864,446676598784,1231.910034,3849976.1320050005,-0.9982590917508879,0.0003200810349951139,2020-12-14,1
2019-01-01,360777252864,850403524608,5105.247834999998,3855081.3798400005,3.144172621456218,0.0013260466194997737,2020-12-14,1
2019-01-01,360777252864,893353197568,4835.082275999999,3859916.4621160007,-0.052919185851826374,0.0012542101708371326,2020-12-14,1
2019-01-01,360777252864,1151051235328,135.886336,3860052.348452001,-0.9718957551819746,3.5204475882796145e-05,2020-12-14,1
2019-01-01,833223655424,446676598784,170.22863999999998,3860222.5770920007,0.2527281624548327,4.410008586234254e-05,2020-12-14,1
2019-01-01,833223655424,850403524608,103.097508,3860325.674600001,-0.3943586226148549,2.6707658934494856e-05,2020-12-14,1
2019-01-01,833223655424,893353197568,6597.4723840000015,3866923.146984001,62.99254949983855,0.0017090455417816046,2020-12-14,1
2019-01-01,833223655424,1151051235328,859.049328,3867782.196312001,-0.8697911445475177,0.00022215319398572294,2020-12-14,1
2019-01-01,1606317768704,446676598784,293784.66072900005,4161566.857041001,340.98811541239,0.07595687808096556,2020-12-14,1
2019-01-01,1606317768704,850403524608,634349.214867,4795916.071908001,1.159231912561125,0.15243037938793116,2020-12-14,1
2019-01-01,1606317768704,893353197568,1899252.1080899995,6695168.179998,1.9940166450559944,0.3960144588882272,2020-12-14,1
2019-01-01,1606317768704,1151051235328,170239.45400300002,6865407.634001,-0.9103650045837238,0.025427211001449488,2020-12-14,1
2019-01-01,1675037245440,446676598784,49786.288129,6915193.92213,-0.7075514109195707,0.007251759951212934,2020-12-14,1
2019-01-01,1675037245440,850403524608,260673.83129500004,7175867.753425,4.23585591718697,0.03769580929043684,2020-12-14,1
2019-01-01,1675037245440,1151051235328,7000.671270000001,7182868.424695,-0.9731439430063946,0.000975585324389296,2020-12-14,1
2019-02-01,85899345920,446676598784,1388087.1254709994,8570955.550166,197.27914666117428,0.19324969404962208,2020-12-14,1
2019-02-01,85899345920,850403524608,2241516.4279559995,10812471.978122,0.6148240170410185,0.26152468238066956,2020-12-14,1
2019-02-01,85899345920,1151051235328,822021.3387200001,11634493.316842,-0.6332744527464439,0.07602529193909412,2020-12-14,1
2019-02-01,360777252864,446676598784,1385.0974159999998,11635878.414258,-0.9983150103887123,0.00011905094431533042,2020-12-14,1
2019-02-01,360777252864,850403524608,4882.246729999999,11640760.660988,2.5248399669240302,0.0004195855745636986,2020-12-14,1
2019-02-01,360777252864,893353197568,4033.499055,11644794.160043,-0.1738436670528527,0.0003464978941210945,2020-12-14,1
2019-02-01,360777252864,1151051235328,177.13578199999998,11644971.295824999,-0.956083841948489,1.5211585500367774e-05,2020-12-14,1
2019-02-01,833223655424,446676598784,184.300642,11645155.596467,0.04044840584495816,1.582662913618237e-05,2020-12-14,1
2019-02-01,833223655424,850403524608,141.174468,11645296.770934999,-0.23399904380148615,1.212302118507706e-05,2020-12-14,1
2019-02-01,833223655424,893353197568,7165.85813,11652462.629065,49.75888176890456,0.0006153435391947668,2020-12-14,1
2019-02-01,833223655424,1151051235328,933.547728,11653396.176793,-0.8697228285762894,8.011591692829288e-05,2020-12-14,1
2019-02-01,1606317768704,446676598784,403310.26542999985,12056706.442223,431.0189030870844,0.03460881783399474,2020-12-14,1
2019-02-01,1606317768704,850403524608,698451.6652989999,12755158.107522,0.7317973906623161,0.057930552480982576,2020-12-14,1
2019-02-01,1606317768704,893353197568,1819553.165124,14574711.272645999,1.6051239556355965,0.1426523410988507,2020-12-14,1
2019-02-01,1606317768704,1151051235328,163546.31001200006,14738257.582657998,-0.9101173226774857,0.011221238414440872,2020-12-14,1
2019-02-01,1675037245440,446676598784,58830.9711,14797088.553758,-0.6402794346403576,0.003991718204818529,2020-12-14,1
2019-02-01,1675037245440,850403524608,276293.92678900005,15073382.480547,3.6964026196229156,0.01867218174610644,2020-12-14,1
2019-02-01,1675037245440,1151051235328,7831.4058079999995,15081213.886355,-0.9716555267826039,0.0005195519862981477,2020-12-14,1
2019-03-01,85899345920,446676598784,1826368.1231569997,16907582.009512,232.2107629119811,0.12110219621044163,2020-12-14,1
2019-03-01,85899345920,850403524608,3037816.359488,19945398.369,0.6633099981163332,0.1796718394019299,2020-12-14,1
2019-03-01,85899345920,1151051235328,1127996.026401,21073394.395401,-0.6286819567358196,0.05655419889502845,2020-12-14,1
2019-03-01,360777252864,446676598784,1749.5889499999998,21075143.984351,-0.9984489405024038,8.302359445151982e-05,2020-12-14,1
2019-03-01,360777252864,850403524608,4737.7768259999975,21079881.761177003,1.7079370991683491,0.00022480400748482008,2020-12-14,1
2019-03-01,360777252864,893353197568,5873.616912,21085755.378089003,0.23974115449396718,0.00027863614125281155,2020-12-14,1
2019-03-01,360777252864,1151051235328,320.105122,21086075.483211003,-0.9455011917195324,1.5181107636893684e-05,2020-12-14,1
2019-03-01,833223655424,446676598784,186.08029200000001,21086261.563503005,-0.41869005145128535,8.824794929218861e-06,2020-12-14,1
2019-03-01,833223655424,850403524608,192.371424,21086453.934927005,0.03380869587199474,9.123069227865164e-06,2020-12-14,1
2019-03-01,833223655424,893353197568,8676.093572,21095130.028499003,44.100739972689496,0.0004114534192791583,2020-12-14,1
2019-03-01,833223655424,1151051235328,1184.897052,21096314.925551005,-0.8634296596542055,5.6169222488813353e-05,2020-12-14,1
2019-03-01,1606317768704,446676598784,489970.67401200003,21586285.599563006,412.5132863947745,0.023225415232049313,2020-12-14,1
2019-03-01,1606317768704,850403524608,869928.3170809998,22456213.916644007,0.7754701724448393,0.04030004666938213,2020-12-14,1
2019-03-01,1606317768704,893353197568,2036697.2478040005,24492911.164448008,1.3412242225175914,0.09069637719715744,2020-12-14,1
2019-03-01,1606317768704,1151051235328,232457.71803399993,24725368.882482007,-0.8858653546644503,0.00949081619874638,2020-12-14,1
2019-03-01,1675037245440,446676598784,78040.458647,24803409.34112901,-0.6642810601987172,0.0031562909745825236,2020-12-14,1
2019-03-01,1675037245440,850403524608,375037.88466000004,25178447.22578901,3.8056852966024572,0.015120416693608087,2020-12-14,1
2019-03-01,1675037245440,1151051235328,11620.506842,25190067.73263101,-0.9690151120265227,0.00046152595264477823,2020-12-14,1
2019-04-01,85899345920,446676598784,1695409.6954719997,26885477.428103007,144.89808504258008,0.06730468982724402,2020-12-14,1
2019-04-01,85899345920,850403524608,2725946.910754001,29611424.33885701,0.6078396378375676,0.10139105463325747,2020-12-14,1
2019-04-01,85899345920,1151051235328,1026951.08005,30638375.41890701,-0.6232681289578219,0.03468090789210712,2020-12-14,1
2019-04-01,360777252864,446676598784,1328.7372390000005,30639704.15614601,-0.9987061338511516,4.3368397339354014e-05,2020-12-14,1
2019-04-01,360777252864,850403524608,3474.1983029999988,30643178.354449008,1.6146616509481282,0.00011338876789716818,2020-12-14,1
2019-04-01,360777252864,893353197568,4503.1696649999985,30647681.52411401,0.29617519561605754,0.00014695504535832616,2020-12-14,1
2019-04-01,360777252864,1151051235328,113.379345,30647794.90345901,-0.9748223243993628,3.69944280811525e-06,2020-12-14,1
2019-04-01,833223655424,446676598784,159.01251000000002,30647953.91596901,0.40248217168656264,5.18838338949184e-06,2020-12-14,1
2019-04-01,833223655424,850403524608,102.89056800000003,30648056.80653701,-0.3529404195934017,3.3571757606214087e-06,2020-12-14,1
2019-04-01,833223655424,893353197568,6137.64528,30654194.45181701,58.652166367669366,0.0002002621346842031,2020-12-14,1
2019-04-01,833223655424,1151051235328,889.3039560000001,30655083.755773008,-0.8551066548440219,2.9010840829502167e-05,2020-12-14,1
2019-04-01,1606317768704,446676598784,326216.1968530001,30981299.95262601,365.8219337742382,0.01064150401453616,2020-12-14,1
2019-04-01,1606317768704,850403524608,722975.1874819995,31704275.140108008,1.2162455281390807,0.023335857068215733,2020-12-14,1
2019-04-01,1606317768704,893353197568,1883493.2242120001,33587768.36432001,1.6051976012785294,0.059408178104954,2020-12-14,1
2019-04-01,1606317768704,1151051235328,208580.01459099993,33796348.37891101,-0.8892589514473757,0.006209999197582108,2020-12-14,1
2019-04-01,1675037245440,446676598784,68430.525502,33864778.904413015,-0.6719219449850746,0.0020247905109388835,2020-12-14,1
2019-04-01,1675037245440,850403524608,339578.27009999997,34204357.17451301,3.96237998479312,0.010027476365887217,2020-12-14,1
2019-04-01,1675037245440,1151051235328,10723.691112,34215080.86562501,-0.9684205614545298,0.00031351827655417555,2020-12-14,1
2019-05-01,85899345920,446676598784,1752372.7199580004,35967453.58558301,162.41133865717785,0.0512163839927838,2020-12-14,1
2019-05-01,85899345920,850403524608,2912792.814868,38880246.40045101,0.6621993607260741,0.08098412660593661,2020-12-14,1
2019-05-01,85899345920,1151051235328,1044596.1411780005,39924842.54162901,-0.6413764357540346,0.02686701443244659,2020-12-14,1
2019-05-01,360777252864,446676598784,1238.24926,39926080.79088901,-0.9988146143651234,3.101450578570927e-05,2020-12-14,1
2019-05-01,360777252864,850403524608,3656.1814130000002,39929736.97230201,1.9527022798301532,9.157376182629576e-05,2020-12-14,1
2019-05-01,360777252864,893353197568,5127.888158,39934864.86046001,0.4025256350155838,0.00012842278829830657,2020-12-14,1
2019-05-01,360777252864,1151051235328,112.850775,39934977.71123502,-0.9779927386240003,2.82587096257256e-06,2020-12-14,1
2019-05-01,833223655424,446676598784,134.676364,39935112.387599014,0.19340220747265588,3.3723911146511674e-06,2020-12-14,1
2019-05-01,833223655424,850403524608,137.532324,39935249.919923015,0.02120609671345138,3.4438947527264436e-06,2020-12-14,1
2019-05-01,833223655424,893353197568,6335.874908,39941585.794831015,45.068260345836954,0.0001586536936842699,2020-12-14,1
2019-05-01,833223655424,1151051235328,825.649212,39942411.44404302,-0.869686629867409,2.0671417911243886e-05,2020-12-14,1
2019-05-01,1606317768704,446676598784,313325.728072,40255737.17211502,378.49013154511437,0.007844436946701467,2020-12-14,1
2019-05-01,1606317768704,850403524608,715350.58445,40971087.75656502,1.2830891955531258,0.017770152398190818,2020-12-14,1
2019-05-01,1606317768704,893353197568,1934983.0010440005,42906070.75760902,1.704943622198505,0.047228011434330176,2020-12-14,1
2019-05-01,1606317768704,1151051235328,208494.10832700002,43114564.86593602,-0.8922501602264676,0.004859314885878398,2020-12-14,1
2019-05-01,1675037245440,446676598784,72826.162314,43187391.028250016,-0.6507039796070392,0.0016891313304552515,2020-12-14,1
2019-05-01,1675037245440,850403524608,355300.43892,43542691.467170015,3.878747247288321,0.008226948432416009,2020-12-14,1
2019-05-01,1675037245440,1151051235328,10338.93681,43553030.40398002,-0.9709008611376134,0.00023744367795447378,2020-12-14,1
2019-06-01,85899345920,446676598784,2274760.608319,45827791.012299016,219.0188133579472,0.052229674656832245,2020-12-14,1
2019-06-01,85899345920,850403524608,3381513.1141500003,49209304.12644902,0.4865358147066153,0.07378739056487559,2020-12-14,1
2019-06-01,85899345920,1151051235328,1284770.1574640006,50494074.28391302,-0.620060572266345,0.02610827729168109,2020-12-14,1
2019-06-01,360777252864,446676598784,1826.1312660000003,50495900.415179014,-0.9985786319402028,3.6165258832751324e-05,2020-12-14,1
2019-06-01,360777252864,850403524608,6374.849711999999,50502275.26489101,2.4909044222015955,0.00012624489631009775,2020-12-14,1
2019-06-01,360777252864,893353197568,8487.081513,50510762.346404016,0.3313382897519828,0.00016805344845329575,2020-12-14,1
2019-06-01,360777252864,1151051235328,129.36966800000002,50510891.716072015,-0.9847568722178716,2.5612297654948485e-06,2020-12-14,1
2019-06-01,833223655424,446676598784,157.191368,50511048.907440014,0.21505581973047955,3.1120291615976883e-06,2020-12-14,1
2019-06-01,833223655424,850403524608,163.68954,50511212.59698001,0.0413392419868754,3.2406680031279086e-06,2020-12-14,1
2019-06-01,833223655424,893353197568,8505.468101999999,50519718.06508201,50.96097503847833,0.0001683877235310954,2020-12-14,1
2019-06-01,833223655424,1151051235328,1097.8167,50520815.88178201,-0.8709281268432649,2.1730459750039153e-05,2020-12-14,1
2019-06-01,1606317768704,446676598784,431735.48074299993,50952551.36252501,392.26736489160703,0.008545694941927567,2020-12-14,1
2019-06-01,1606317768704,850403524608,847017.8221380004,51799569.18466301,0.9618906944602185,0.016623658668464155,2020-12-14,1
2019-06-01,1606317768704,893353197568,2468475.528744,54268044.71340701,1.9143135648706855,0.047654364072874794,2020-12-14,1
2019-06-01,1606317768704,1151051235328,246921.96517299998,54514966.67858001,-0.8999698549579555,0.004550043519662615,2020-12-14,1
2019-06-01,1675037245440,446676598784,93919.808067,54608886.48664701,-0.6196376940334274,0.001722826111602565,2020-12-14,1
2019-06-01,1675037245440,850403524608,380509.13963999995,54989395.62628701,3.051425865016189,0.006967897793210739,2020-12-14,1
2019-06-01,1675037245440,1151051235328,15282.470868,55004678.09715501,-0.9598367837301917,0.00027791669091728114,2020-12-14,1
2019-07-01,85899345920,446676598784,1891232.185852001,56895910.28300701,122.7517285121777,0.03438311524178919,2020-12-14,1
2019-07-01,85899345920,850403524608,2807050.4719040035,59702960.75491101,0.484244236589822,0.04933659480868484,2020-12-14,1
2019-07-01,85899345920,1151051235328,1090352.4708869995,60793313.22579801,-0.6115664888107906,0.018262954752998717,2020-12-14,1
2019-07-01,360777252864,446676598784,1846.9456089999996,60795160.171407014,-0.998306102239125,3.0380736153389034e-05,2020-12-14,1
2019-07-01,360777252864,850403524608,3412.6449450000005,60798572.81635202,0.8477235758164664,5.613349706426329e-05,2020-12-14,1
2019-07-01,360777252864,893353197568,7918.208034000001,60806491.02438602,1.3202554504245387,0.00013023674187088248,2020-12-14,1
2019-07-01,360777252864,1151051235328,25.782691,60806516.80707702,-0.9967438729963533,4.2401215014285434e-07,2020-12-14,1
2019-07-01,833223655424,446676598784,133.269194,60806650.07627102,4.168940433719661,2.1916926177879447e-06,2020-12-14,1
2019-07-01,833223655424,850403524608,138.815352,60806788.89162302,0.041616204266981545,2.2828975420645142e-06,2020-12-14,1
2019-07-01,833223655424,893353197568,5260.07253,60812048.96415302,36.89258503627179,8.650469176026577e-05,2020-12-14,1
2019-07-01,833223655424,1151051235328,815.3435999999999,60812864.30775302,-0.8449938484023147,1.3407599544591611e-05,2020-12-14,1
2019-07-01,1606317768704,446676598784,350343.80494799983,61163208.11270102,428.68854474113715,0.005761014695427474,2020-12-14,1
2019-07-01,1606317768704,850403524608,704632.8804069998,61867840.99310802,1.011261139644201,0.011520535010338602,2020-12-14,1
2019-07-01,1606317768704,893353197568,2232131.3091650004,64099972.30227302,2.167793288152703,0.036079023824569165,2020-12-14,1
2019-07-01,1606317768704,1151051235328,189481.72773500002,64289454.03000802,-0.9151117468058446,0.0029560344713016164,2020-12-14,1
2019-07-01,1675037245440,446676598784,77086.19012799999,64366540.22013602,-0.5931734893413627,0.0011990487598793032,2020-12-14,1
2019-07-01,1675037245440,850403524608,326722.12623,64693262.34636602,3.2384002333943966,0.005075962217521702,2020-12-14,1
2019-07-01,1675037245440,1151051235328,12448.643367999997,64705710.98973402,-0.9618983767287416,0.0001924256547976912,2020-12-14,1
2019-08-01,85899345920,446676598784,1822791.3264909994,66528502.316225015,145.4248972845183,0.02817048601444463,2020-12-14,1
2019-08-01,85899345920,850403524608,2637388.7627760004,69165891.07900101,0.446895606999161,0.03964299016141818,2020-12-14,1
2019-08-01,85899345920,1151051235328,1062289.2578099996,70228180.336811,-0.5972193129799035,0.015358571128602304,2020-12-14,1
2019-08-01,360777252864,446676598784,1234.972577000001,70229415.30938801,-0.9988374422805084,1.758514276011076e-05,2020-12-14,1
2019-08-01,360777252864,850403524608,2507.889313999999,70231923.19870201,1.0307246984319047,3.5709955763515985e-05,2020-12-14,1
2019-08-01,360777252864,893353197568,5923.394210000001,70237846.592912,1.3619041625694344,8.43404813682411e-05,2020-12-14,1
2019-08-01,360777252864,1151051235328,31.489438999999997,70237878.082351,-0.9946838859809738,4.48325803298427e-07,2020-12-14,1
2019-08-01,833223655424,446676598784,166.420956,70238044.503307,4.284976845729135,2.3693904278481195e-06,2020-12-14,1
2019-08-01,833223655424,850403524608,144.113016,70238188.616323,-0.1340452580983852,2.0517800148556864e-06,2020-12-14,1
2019-08-01,833223655424,893353197568,6480.713986999999,70244669.33030999,43.96966455132685,9.22676696916804e-05,2020-12-14,1
2019-08-01,833223655424,1151051235328,883.261308,70245552.59161799,-0.8637092595396464,1.2574068842806437e-05,2020-12-14,1
2019-08-01,1606317768704,446676598784,326696.3797020001,70572248.97131999,368.87511707237616,0.004650776706125374,2020-12-14,1
2019-08-01,1606317768704,850403524608,751821.427869,71324070.399189,1.3012848460542557,0.010653216226317817,2020-12-14,1
2019-08-01,1606317768704,893353197568,1964053.4980120002,73288123.897201,1.6123936153017226,0.027537036052759253,2020-12-14,1
2019-08-01,1606317768704,1151051235328,189202.57111699998,73477326.468318,-0.9036673026938883,0.0025816266136432613,2020-12-14,1
2019-08-01,1675037245440,446676598784,77508.35443800005,73554834.822756,-0.5903419600462508,0.0010548608416152292,2020-12-14,1
2019-08-01,1675037245440,850403524608,306500.252614,73861335.07537001,2.9544156863654427,0.0041669626932420625,2020-12-14,1
2019-08-01,1675037245440,1151051235328,10729.701964,73872064.77733402,-0.9649928446306608,0.00014526818332023057,2020-12-14,1
2019-09-01,85899345920,446676598784,2040354.7491490014,75912419.52648301,189.1594989306081,0.027620112627135224,2020-12-14,1
2019-09-01,85899345920,850403524608,3061983.5862739915,78974403.11275701,0.500711377544074,0.04033573959799537,2020-12-14,1
2019-09-01,85899345920,1151051235328,1220568.4003980004,80194971.51315501,-0.60137983564985,0.015455240587957523,2020-12-14,1
2019-09-01,360777252864,446676598784,1522.820353000003,80196494.33350801,-0.9987523678701633,1.8988975546322826e-05,2020-12-14,1
2019-09-01,360777252864,850403524608,2823.0709289999995,80199317.40443702,0.853843707459296,3.5201924379208124e-05,2020-12-14,1
2019-09-01,360777252864,893353197568,4253.6170109999985,80203571.02144802,0.5067340204968683,5.3038070006820466e-05,2020-12-14,1
2019-09-01,360777252864,1151051235328,33.07483899999999,80203604.09628701,-0.9922243025372366,4.123861141680171e-07,2020-12-14,1
2019-09-01,833223655424,446676598784,198.165514,80203802.26180102,4.991427925015752,2.470780661793037e-06,2020-12-14,1
2019-09-01,833223655424,850403524608,167.82834,80203970.09014101,-0.15309007802437313,2.0925234871799336e-06,2020-12-14,1
2019-09-01,833223655424,893353197568,8090.031887999997,80212060.122029,47.20420608343023,0.00010086822234486463,2020-12-14,1
2019-09-01,833223655424,1151051235328,1050.0135599999999,80213110.135589,-0.8702089714185808,1.3090469916863683e-05,2020-12-14,1
2019-09-01,1606317768704,446676598784,440177.7249150008,80653287.860504,418.2114670547691,0.0054876032629945296,2020-12-14,1
2019-09-01,1606317768704,850403524608,965204.0739829994,81618491.934487,1.192759922527616,0.011967324576431312,2020-12-14,1
2019-09-01,1606317768704,893353197568,2396491.508896999,84014983.44338399,1.4828858202055304,0.029362114541648134,2020-12-14,1
2019-09-01,1606317768704,1151051235328,244346.867343,84259330.31072699,-0.8980397525149328,0.002908372498908532,2020-12-14,1
2019-09-01,1675037245440,446676598784,87118.23644699999,84346448.54717399,-0.6434648931892856,0.0010339298464126948,2020-12-14,1
2019-09-01,1675037245440,850403524608,347218.0236799999,84693666.570854,2.9855951846687865,0.004116569573001126,2020-12-14,1
2019-09-01,1675037245440,1151051235328,14063.186152000004,84707729.75700599,-0.9594975341344585,0.00016604767182007776,2020-12-14,1
2019-10-01,85899345920,446676598784,1574892.7421240006,86282622.49913,110.98690859254724,0.018592078274813524,2020-12-14,1
2019-10-01,85899345920,850403524608,2317150.3267460093,88599772.825876,0.4713067530052573,0.026855353484061824,2020-12-14,1
2019-10-01,85899345920,1151051235328,900587.9110490003,89500360.73692499,-0.6113381593529573,0.010164675171559496,2020-12-14,1
2019-10-01,360777252864,446676598784,1101.338358000001,89501462.07528299,-0.9987770895606214,1.2305406916036528e-05,2020-12-14,1
2019-10-01,360777252864,850403524608,1950.299413,89503412.37469599,0.7708448986937019,2.1790698920148454e-05,2020-12-14,1
2019-10-01,360777252864,893353197568,6397.972908000001,89509810.34760399,2.280508041664473,7.148300537660757e-05,2020-12-14,1
2019-10-01,360777252864,1151051235328,39.203812000000006,89509849.551416,-0.9938724635812416,4.379834104316711e-07,2020-12-14,1
2019-10-01,833223655424,446676598784,176.60242799999997,89510026.153844,3.5047259179796075,1.972994356366359e-06,2020-12-14,1
2019-10-01,833223655424,850403524608,131.448288,89510157.602132,-0.2556824416932704,1.468531444374117e-06,2020-12-14,1
2019-10-01,833223655424,893353197568,6169.5682810000035,89516327.17041299,45.935326240232236,6.89259012191477e-05,2020-12-14,1
2019-10-01,833223655424,1151051235328,839.4314159999999,89517166.60182899,-0.8639400071824898,9.377411278356668e-06,2020-12-14,1
2019-10-01,1606317768704,446676598784,361295.3935020009,89878461.99533099,429.4048986200928,0.004036045902894061,2020-12-14,1
2019-10-01,1606317768704,850403524608,755026.6357349996,90633488.631066,1.08977653552845,0.00840052910311513,2020-12-14,1
2019-10-01,1606317768704,893353197568,2230535.2915119994,92864023.92257799,1.9542471562485064,0.024610498009092943,2020-12-14,1
2019-10-01,1606317768704,1151051235328,177612.836881,93041636.75945899,-0.9203721019089536,0.0019126118961749394,2020-12-14,1
2019-10-01,1675037245440,446676598784,74099.92683299998,93115736.686292,-0.5828008372916949,0.000796416845337477,2020-12-14,1
2019-10-01,1675037245440,850403524608,244240.5186419998,93359977.20493399,2.2960966235830167,0.00262297789110387,2020-12-14,1
2019-10-01,1675037245440,1151051235328,10972.566465999997,93370949.77139999,-0.9550747495664991,0.0001175296609372326,2020-12-14,1
2019-11-01,85899345920,446676598784,1443176.5459929998,94814126.31739299,130.5258878098283,0.015456376416072965,2020-12-14,1
2019-11-01,85899345920,850403524608,2260281.1964620007,97074407.513855,0.5661848183007849,0.02383907635129864,2020-12-14,1
2019-11-01,85899345920,1151051235328,901508.5735640003,97975916.08741899,-0.6011520270242816,0.00928677904560298,2020-12-14,1
2019-11-01,360777252864,446676598784,988.6944510000001,97976904.78187,-0.9989032889092876,1.009119884239821e-05,2020-12-14,1
2019-11-01,360777252864,850403524608,1449.2789780000003,97978354.060848,0.46585123091785224,1.4792046975066633e-05,2020-12-14,1
2019-11-01,360777252864,893353197568,4100.598404,97982454.659252,1.8294058399017221,4.185208501725345e-05,2020-12-14,1
2019-11-01,360777252864,1151051235328,39.520921,97982494.18017301,-0.9903621576398585,4.033469169989505e-07,2020-12-14,1
2019-11-01,833223655424,446676598784,140.015482,97982634.195655,2.5428193082848445,1.4289846687928924e-06,2020-12-14,1
2019-11-01,833223655424,850403524608,124.536492,97982758.73214701,-0.11055198881506545,1.271005755533291e-06,2020-12-14,1
2019-11-01,833223655424,893353197568,5137.802649,97987896.53479601,40.255398851286095,5.243578273858699e-05,2020-12-14,1
2019-11-01,833223655424,1151051235328,776.314716,97988672.84951201,-0.8489014138853507,7.9225572080804e-06,2020-12-14,1
2019-11-01,1606317768704,446676598784,394069.941089,98382742.79060102,506.6162192563667,0.004021586675576317,2020-12-14,1
2019-11-01,1606317768704,850403524608,759792.5025780001,99142535.29317902,0.9280651055960704,0.007722822936489547,2020-12-14,1
2019-11-01,1606317768704,893353197568,2133703.457303,101276238.75048202,1.8082712715159424,0.02152157447853566,2020-12-14,1
2019-11-01,1606317768704,1151051235328,204606.86416400006,101480845.61464602,-0.904107169408338,0.0020202849818316436,2020-12-14,1
2019-11-01,1675037245440,446676598784,72453.78783900001,101553299.40248501,-0.6458877949425704,0.0007139651566771996,2020-12-14,1
2019-11-01,1675037245440,850403524608,232192.319046,101785491.72153102,2.204695378548819,0.0022864084221011914,2020-12-14,1
2019-11-01,1675037245440,1151051235328,7961.536741999995,101793453.25827302,-0.9657114551647907,7.821877762091355e-05,2020-12-14,1
2019-12-01,85899345920,446676598784,2240269.3099569995,104033722.56823002,280.38654415029777,0.022007990084322294,2020-12-14,1
2019-12-01,85899345920,850403524608,3761803.0601809993,107795525.62841102,0.6791744829344668,0.03615945836902881,2020-12-14,1
2019-12-01,85899345920,1151051235328,1453649.4176620033,109249175.04607303,-0.613576416838775,0.013485248197341503,2020-12-14,1
2019-12-01,360777252864,446676598784,1503.6312679999999,109250678.67734103,-0.9989656162966595,1.3763319195412911e-05,2020-12-14,1
2019-12-01,360777252864,850403524608,1966.9994350000002,109252645.67677602,0.3081660888951402,1.80044596409508e-05,2020-12-14,1
2019-12-01,360777252864,893353197568,16981.361742,109269627.03851803,7.633129954101893,0.000155432041364418,2020-12-14,1
2019-12-01,360777252864,1151051235328,14.582597999999996,109269641.62111603,-0.9991412586209777,1.334551823410582e-07,2020-12-14,1
2019-12-01,833223655424,446676598784,204.74624799999998,109269846.36736403,13.040450679638845,1.8737706555015743e-06,2020-12-14,1
2019-12-01,833223655424,850403524608,143.368032,109269989.73539603,-0.2997770000649779,1.3120548509925289e-06,2020-12-14,1
2019-12-01,833223655424,893353197568,6571.757173,109276561.49256903,44.83837192520017,6.0142379338697465e-05,2020-12-14,1
2019-12-01,833223655424,1151051235328,1023.318406,109277584.81097503,-0.8442854203128055,9.364482117881432e-06,2020-12-14,1
2019-12-01,1606317768704,446676598784,561240.7622429997,109838825.57321803,547.4517418550172,0.0051359184339022455,2020-12-14,1
2019-12-01,1606317768704,850403524608,968137.2724719997,110806962.84569003,0.7249945791585725,0.008814162637114492,2020-12-14,1
2019-12-01,1606317768704,893353197568,2977784.756369,113784747.60205902,2.0757877431633776,0.02687362490492464,2020-12-14,1
2019-12-01,1606317768704,1151051235328,266558.65579099994,114051306.25785002,-0.9104842432882786,0.002342657178651385,2020-12-14,1
2019-12-01,1675037245440,446676598784,87347.86267300001,114138654.12052302,-0.6723127882911945,0.0007658646405637941,2020-12-14,1
2019-12-01,1675037245440,850403524608,425334.5970420001,114563988.71756501,3.869433367068233,0.0037264728616202935,2020-12-14,1
2019-12-01,1675037245440,1151051235328,2081.7041129999993,114566070.42167802,-0.9951057258744591,1.8170667207988227e-05,2020-12-14,1
2020-01-01,85899345920,446676598784,1096134.3327330004,115662204.75441103,525.5562602714618,0.009567704720066897,2020-12-14,1
2020-01-01,85899345920,850403524608,1813113.2047860017,117475317.95919703,0.654097632600698,0.01567593500950323,2020-12-14,1
2020-01-01,85899345920,1151051235328,676327.3998170011,118151645.35901403,-0.6269800484427961,0.00575718722508089,2020-12-14,1
2020-01-01,360777252864,446676598784,1387.7805079999969,118153033.13952203,-0.9979480640465319,1.174575693617966e-05,2020-12-14,1
2020-01-01,360777252864,850403524608,1259.6363909999993,118154292.77591303,-0.09233745268887855,1.0661058438605693e-05,2020-12-14,1
2020-01-01,360777252864,893353197568,8369.226835999998,118162662.00274903,5.6441608830909065,7.083303229505738e-05,2020-12-14,1
2020-01-01,360777252864,1151051235328,-2.22e-16,118162662.00274903,-1.0,0.0,2020-12-14,1
2020-01-01,833223655424,446676598784,117.91428400000001,118162779.91703303,5.311454234234234e+17,9.978979993106274e-07,2020-12-14,1
2020-01-01,833223655424,850403524608,80.95492800000004,118162860.87196103,-0.3134425681624795,6.851136038999994e-07,2020-12-14,1
2020-01-01,833223655424,893353197568,5061.237008,118167922.10896903,61.51919596543891,4.283272231779864e-05,2020-12-14,1
2020-01-01,833223655424,1151051235328,702.2301960000001,118168624.33916503,-0.861253247992531,5.9426465614888366e-06,2020-12-14,1
2020-01-01,1606317768704,446676598784,335252.9482419987,118503877.28740703,476.4117520887675,0.002837072447249263,2020-12-14,1
2020-01-01,1606317768704,850403524608,644001.4298380015,119147878.71724503,0.9209418834793843,0.005434433409095192,2020-12-14,1
2020-01-01,1606317768704,893353197568,1826051.2493250007,120973929.96657003,1.835477010950649,0.01532592328948204,2020-12-14,1
2020-01-01,1606317768704,1151051235328,177045.78697599994,121150975.75354603,-0.9030444588883008,0.001463503641031746,2020-12-14,1
2020-01-01,1675037245440,446676598784,44125.06948099997,121195100.82302703,-0.7507702937490318,0.000364215551765449,2020-12-14,1
2020-01-01,1675037245440,850403524608,186681.428341,121381782.25136803,3.2307339237479065,0.0015403380753286346,2020-12-14,1
2020-01-01,1675037245440,1151051235328,-8.023e-14,121381782.25136803,-1.0,0.0,2020-12-14,1
2020-02-01,85899345920,446676598784,1291964.3585549986,122673746.60992303,1.6103257616290646e+19,0.010643807782287221,2020-12-14,1
2020-02-01,85899345920,850403524608,2183712.860267014,124857459.47019005,0.6902268594385946,0.017800979595175855,2020-12-14,1
2020-02-01,85899345920,1151051235328,832830.562795999,125690290.03298604,-0.6186171827123075,0.006670250750976048,2020-12-14,1
2020-02-01,360777252864,446676598784,1400.4962980000084,125691690.52928405,-0.9983183898855751,1.1142438271346748e-05,2020-12-14,1
2020-02-01,360777252864,850403524608,1165.2720060000013,125692855.80129005,-0.16795781062464882,9.270875434152586e-06,2020-12-14,1
2020-02-01,360777252864,893353197568,6378.160531999998,125699233.96182205,4.473537937201583,5.0744017958196623e-05,2020-12-14,1
2020-02-01,360777252864,1151051235328,0.0,125699233.96182205,-1.0,0.0,2020-12-14,1
2020-02-01,833223655424,446676598784,132.11035800000002,125699366.07218005,1.0,1.0510036842382572e-06,2020-12-14,1
2020-02-01,833223655424,850403524608,105.911892,125699471.98407204,-0.19830743324456074,8.42580955706992e-07,2020-12-14,1
2020-02-01,833223655424,893353197568,5739.598213999997,125705211.58228604,53.19219792617808,4.566127544853772e-05,2020-12-14,1
2020-02-01,833223655424,1151051235328,1001.9207039999999,125706213.50299005,-0.8254371357290967,7.970399090027354e-06,2020-12-14,1
2020-02-01,1606317768704,446676598784,487329.1755850049,126193542.67857505,485.39495484964544,0.0038767310064065376,2020-12-14,1
2020-02-01,1606317768704,850403524608,757223.3742859999,126950766.05286105,0.5538231902019938,0.006000492245587429,2020-12-14,1
2020-02-01,1606317768704,893353197568,2162598.822289999,129113364.87515105,1.8559588831091671,0.01703494109983959,2020-12-14,1
2020-02-01,1606317768704,1151051235328,198806.20265999998,129312171.07781105,-0.9080706968805791,0.0015397801989920586,2020-12-14,1
2020-02-01,1675037245440,446676598784,55125.10459900006,129367296.18241005,-0.7227193927481456,0.00042629478833688885,2020-12-14,1
2020-02-01,1675037245440,850403524608,227046.35339300008,129594342.53580305,3.1187468948062294,0.001755052166143012,2020-12-14,1
2020-02-01,1675037245440,1151051235328,0.082776,129594342.61857904,-0.9999996354224644,6.387315488902517e-10,2020-12-14,1
2020-03-01,85899345920,446676598784,1721245.3955579973,131315588.01413704,20794014.119817305,0.013281794257207309,2020-12-14,1
2020-03-01,85899345920,850403524608,2907191.8699439964,134222779.88408104,0.6890048783552657,0.022138970048483593,2020-12-14,1
2020-03-01,85899345920,1151051235328,1053677.2725120003,135276457.15659302,-0.6375618398615368,0.007850211964183555,2020-12-14,1
2020-03-01,360777252864,446676598784,1515.9245700000008,135277973.08116302,-0.9985613008749956,1.120612264586003e-05,2020-12-14,1
2020-03-01,360777252864,850403524608,1035.7895720000004,135279008.87073502,-0.31672749917893356,7.65674964230177e-06,2020-12-14,1
2020-03-01,360777252864,893353197568,7231.131102000001,135286240.00183702,5.98127428338311,5.345346009228503e-05,2020-12-14,1
2020-03-01,833223655424,446676598784,4624.819056000001,135290864.82089302,-0.36042937256097335,3.4185435680239816e-05,2020-12-14,1
2020-03-01,833223655424,850403524608,27294.449421999998,135318159.27031502,4.901733471407836,0.00020174643319884186,2020-12-14,1
2020-03-01,833223655424,893353197568,6793.711778999999,135324952.98209402,-0.7510954819435156,5.0205469950467496e-05,2020-12-14,1
2020-03-01,833223655424,1151051235328,5080.221362,135330033.203456,-0.25221711970421806,3.754090616729754e-05,2020-12-14,1
2020-03-01,1606317768704,446676598784,540226.5612800004,135870259.76473603,105.33917752499707,0.003991919225112671,2020-12-14,1
2020-03-01,1606317768704,850403524608,948280.4650800002,136818540.22981602,0.7553384691659113,0.006979308545681541,2020-12-14,1
2020-03-01,1606317768704,893353197568,3317673.222042002,140136213.451858,2.4986202333737952,0.024248710857967436,2020-12-14,1
2020-03-01,1606317768704,1151051235328,282809.095633,140419022.547491,-0.9147567958911477,0.002018101450487354,2020-12-14,1
2020-03-01,1675037245440,446676598784,71608.23249300009,140490630.77998403,-0.7467965719676649,0.0005099610522412986,2020-12-14,1
2020-03-01,1675037245440,850403524608,303646.5187500001,140794277.29873404,3.2403856118035366,0.002161329314732303,2020-12-14,1
2020-03-01,1675037245440,1151051235328,0.45526600000000006,140794277.75400004,-0.9999985006711031,3.2335547124146187e-09,2020-12-14,1
2020-04-01,85899345920,446676598784,1270948.657601,142065226.41160104,2791660.704588087,0.009026990854142797,2020-12-14,1
2020-04-01,85899345920,850403524608,2416286.4528759792,144481512.864477,0.9011676344478622,0.01700828917750317,2020-12-14,1
2020-04-01,85899345920,1151051235328,728555.9140289997,145210068.778506,-0.6984811493844871,0.005042554577293112,2020-12-14,1
2020-04-01,360777252864,446676598784,766.3631299999984,145210835.141636,-0.9989481066377434,5.277617016848703e-06,2020-12-14,1
2020-04-01,360777252864,850403524608,477.21136500000006,145211312.35300103,-0.377303857245845,3.2863344153957336e-06,2020-12-14,1
2020-04-01,360777252864,893353197568,7551.337901000002,145218863.69090202,14.823885294517243,5.20024079297576e-05,2020-12-14,1
2020-04-01,833223655424,446676598784,2779.3427220000144,145221643.03362402,-0.6319403583261776,1.913899235511521e-05,2020-12-14,1
2020-04-01,833223655424,850403524608,22662.576535999982,145244305.61016002,7.153933790393434,0.00015605508974135884,2020-12-14,1
2020-04-01,833223655424,893353197568,4525.774474,145248831.38463402,-0.8002974433727466,3.115973776033796e-05,2020-12-14,1
2020-04-01,833223655424,1151051235328,1782.108871,145250613.49350503,-0.606231180709956,1.2269350837623722e-05,2020-12-14,1
2020-04-01,1606317768704,446676598784,346712.25137099903,145597325.74487603,193.55166685548645,0.002386993369818019,2020-12-14,1
2020-04-01,1606317768704,850403524608,758515.8067559985,146355841.55163202,1.1877386903883866,0.005209682271809749,2020-12-14,1
2020-04-01,1606317768704,893353197568,2968575.6074530007,149324417.159085,2.9136634741323726,0.020283273807050074,2020-12-14,1
2020-04-01,1606317768704,1151051235328,185802.98920699995,149510220.148292,-0.9374100532455643,0.0012442907378573695,2020-12-14,1
2020-04-01,1675037245440,446676598784,46576.31317400001,149556796.461466,-0.7493241988582319,0.00031152594871315496,2020-12-14,1
2020-04-01,1675037245440,850403524608,282544.31526000024,149839340.776726,5.066266220009082,0.0018892108011473213,2020-12-14,1
2020-05-01,85899345920,446676598784,1451205.5408759988,151290546.317602,4.136205057038873,0.009685076918740767,2020-12-14,1
2020-05-01,85899345920,850403524608,2423825.9795929957,153714372.29719502,0.6702154941676208,0.016021000905798215,2020-12-14,1
2020-05-01,85899345920,1151051235328,789967.0038909998,154504339.301086,-0.6740826236941112,0.0051391876510001955,2020-12-14,1
2020-05-01,360777252864,446676598784,1810.6416310000002,154506149.94271702,-0.9977079528359012,1.1719034165627913e-05,2020-12-14,1
2020-05-01,360777252864,850403524608,558.7895699999999,154506708.73228702,-0.6913858819807508,3.6166170098142926e-06,2020-12-14,1
2020-05-01,360777252864,893353197568,3305.996885,154510014.72917202,4.916353959505724,2.139710898074946e-05,2020-12-14,1
2020-05-01,833223655424,446676598784,6074.009016000001,154516088.73818803,0.8372700360242478,3.9311426037035976e-05,2020-12-14,1
2020-05-01,833223655424,850403524608,2028.8550939999923,154518117.593282,-0.6659775959081335,1.313038085906696e-05,2020-12-14,1
2020-05-01,833223655424,893353197568,3449.808349000001,154521567.40163103,0.700371977871779,2.2326238519769e-05,2020-12-14,1
2020-05-01,833223655424,1151051235328,1986.1497680000002,154523553.55139902,-0.42427243282203564,1.2853544015849247e-05,2020-12-14,1
2020-05-01,1606317768704,446676598784,351236.60937399976,154874790.160773,175.84296271760294,0.0022730295887038038,2020-12-14,1
2020-05-01,1606317768704,850403524608,847626.2314710013,155722416.392244,1.4132627660359902,0.005472977432873969,2020-12-14,1
2020-05-01,1606317768704,893353197568,2729080.7813549996,158451497.173599,2.2196747576096767,0.017525291763266778,2020-12-14,1
2020-05-01,1606317768704,1151051235328,235102.14953299996,158686599.323132,-0.9138529899374138,0.0014837483629165482,2020-12-14,1
2020-05-01,1675037245440,446676598784,50033.88183200001,158736633.204964,-0.7871823718694795,0.00031529998150707153,2020-12-14,1
2020-05-01,1675037245440,850403524608,265587.9834859999,159002221.18845,4.308162664207651,0.0016731360500954059,2020-12-14,1
2020-06-01,85899345920,446676598784,1833603.9959599983,160835825.18441,5.903941857206254,0.01153193950534064,2020-12-14,1
2020-06-01,85899345920,850403524608,2911391.763850999,163747216.948261,0.5877974580474865,0.018101637247254235,2020-12-14,1
2020-06-01,85899345920,1151051235328,967949.9439440008,164715166.892205,-0.6675301634213392,0.005911245161802347,2020-12-14,1
2020-06-01,360777252864,446676598784,234.16749000000067,164715401.059695,-0.9997580789260178,1.4216510502565925e-06,2020-12-14,1
2020-06-01,360777252864,850403524608,33.95569499999975,164715435.01539,-0.8549939831528294,2.061476630892889e-07,2020-12-14,1
2020-06-01,360777252864,893353197568,4829.8883160000005,164720264.903706,141.2408911377027,2.9322621256193707e-05,2020-12-14,1
2020-06-01,833223655424,446676598784,10357.306354000046,164730622.21006,1.1444194309192066,6.28781550347861e-05,2020-12-14,1
2020-06-01,833223655424,850403524608,104.83176300000001,164730727.041823,-0.9898784723153898,6.363829723511733e-07,2020-12-14,1
2020-06-01,833223655424,893353197568,5279.302890999998,164736006.344714,49.359764444675015,3.204807618948867e-05,2020-12-14,1
2020-06-01,833223655424,1151051235328,1814.066669,164737820.41138297,-0.6563813998828202,1.1011962164429898e-05,2020-12-14,1
2020-06-01,1606317768704,446676598784,487948.19853699993,165225768.60991997,267.9803009312663,0.002961968279770175,2020-12-14,1
2020-06-01,1606317768704,850403524608,1070242.9128980015,166296011.52281797,1.1933535488129228,0.006477457613919358,2020-12-14,1
2020-06-01,1606317768704,893353197568,3324769.5849670004,169620781.10778496,2.106556039660376,0.019993080739105915,2020-12-14,1
2020-06-01,1606317768704,1151051235328,295028.09836799995,169915809.20615295,-0.9112635956181824,0.0017393393453394984,2020-12-14,1
2020-06-01,1675037245440,446676598784,57630.80168699998,169973440.00783995,-0.8046599560997921,0.00033917268767546366,2020-12-14,1
2020-06-01,1675037245440,850403524608,290443.91088100016,170263883.91872096,4.0397340029805076,0.0017087605620479064,2020-12-14,1
2020-07-01,85899345920,446676598784,1491554.5073600016,171755438.42608097,4.13543046172215,0.008760251869222226,2020-12-14,1
2020-07-01,85899345920,850403524608,2302632.265261995,174058070.69134298,0.5437801661955837,0.013406459127947789,2020-12-14,1
2020-07-01,85899345920,1151051235328,834166.3759640016,174892237.067307,-0.6377335675572627,0.0047924601982015655,2020-12-14,1
2020-07-01,360777252864,446676598784,8.03101499999994,174892245.098322,-0.9999903724062353,4.5919791200322114e-08,2020-12-14,1
2020-07-01,360777252864,850403524608,14.230395,174892259.328717,0.7719298245614168,8.136664367966664e-08,2020-12-14,1
2020-07-01,360777252864,893353197568,3957.520263,174896216.84897998,277.10333184707804,2.262833288435084e-05,2020-12-14,1
2020-07-01,833223655424,446676598784,1868.9515379999857,174898085.80051798,-0.5277468177552106,1.068606040581392e-05,2020-12-14,1
2020-07-01,833223655424,850403524608,80.375496,174898166.17601398,-0.9569943391437469,4.595561788579247e-07,2020-12-14,1
2020-07-01,833223655424,893353197568,4693.966378,174902860.14239198,57.40046546026914,2.683828241674899e-05,2020-12-14,1
2020-07-01,833223655424,1151051235328,1123.7669759999997,174903983.90936798,-0.7605933052126348,6.425092048717768e-06,2020-12-14,1
2020-07-01,1606317768704,446676598784,355276.1316630009,175259260.04103097,315.14751033847875,0.002031263803842754,2020-12-14,1
2020-07-01,1606317768704,850403524608,766059.8514610007,176025319.89249197,1.156237875804308,0.00437100927666616,2020-12-14,1
2020-07-01,1606317768704,893353197568,2711522.905277,178736842.79776898,2.5395705702441975,0.015404164053972946,2020-12-14,1
2020-07-01,1606317768704,1151051235328,239148.7609280001,178975991.558697,-0.9118027878493729,0.0013379936513625722,2020-12-14,1
2020-07-01,1675037245440,446676598784,51885.90035899998,179027877.459056,-0.7830392256365438,0.00028990424864883753,2020-12-14,1
2020-07-01,1675037245440,850403524608,253780.36618000004,179281657.825236,3.8911238780494637,0.0014175466401205742,2020-12-14,1
2020-08-01,85899345920,446676598784,1547542.326739,180829200.151975,5.097959231571787,0.008631905491679241,2020-12-14,1
2020-08-01,85899345920,850403524608,2296328.2262640004,183125528.378239,0.48385487529950233,0.01269887951909364,2020-12-14,1
2020-08-01,85899345920,1151051235328,794529.9263060003,183920058.30454502,-0.6539998432198619,0.004338717454318751,2020-12-14,1
2020-08-01,360777252864,446676598784,3.636719000000001,183920061.941264,-0.9999954228042525,1.9773367961838607e-08,2020-12-14,1
2020-08-01,360777252864,893353197568,2231.061462,183922293.002726,612.4819495264824,1.2130604124620262e-05,2020-12-14,1
2020-08-01,833223655424,446676598784,1510.077781,183923803.08050698,-0.3231572474716522,8.210411888293559e-06,2020-12-14,1
2020-08-01,833223655424,850403524608,79.586275,183923882.666782,-0.9472965724008622,4.3271329582318717e-07,2020-12-14,1
2020-08-01,833223655424,893353197568,4036.041975,183927918.70875698,49.712789045598626,2.1944088589646214e-05,2020-12-14,1
2020-08-01,833223655424,1151051235328,1005.674922,183928924.38367897,-0.750826446248741,5.467766552515009e-06,2020-12-14,1
2020-08-01,1606317768704,446676598784,393206.9670400001,184322131.35071898,389.98813984346333,0.0021378201843869084,2020-12-14,1
2020-08-01,1606317768704,850403524608,815200.2770249998,185137331.627744,1.073209137573779,0.004422693417503358,2020-12-14,1
2020-08-01,1606317768704,893353197568,2330946.3000279996,187468277.927772,1.859354155931569,0.012590363486035516,2020-12-14,1
2020-08-01,1606317768704,1151051235328,258225.48456299995,187726503.41233498,-0.8892186042381593,0.0013774356249353424,2020-12-14,1
2020-08-01,1675037245440,446676598784,56455.30069800001,187782958.713033,-0.7813720795469107,0.00030073164775252826,2020-12-14,1
2020-08-01,1675037245440,850403524608,256427.60201900004,188039386.315052,3.5421350847234843,0.001365553103308382,2020-12-14,1
